{
    "name": "root",
    "gauges": {
        "ChildBehavior.Policy.Entropy.mean": {
            "value": 1.4550892114639282,
            "min": 1.3817715644836426,
            "max": 1.4890307188034058,
            "count": 21
        },
        "ChildBehavior.Policy.Entropy.sum": {
            "value": 14552.3466796875,
            "min": 13814.9521484375,
            "max": 14884.3515625,
            "count": 21
        },
        "ChildBehavior.Step.mean": {
            "value": 209998.0,
            "min": 9946.0,
            "max": 209998.0,
            "count": 21
        },
        "ChildBehavior.Step.sum": {
            "value": 209998.0,
            "min": 9946.0,
            "max": 209998.0,
            "count": 21
        },
        "ChildBehavior.Policy.ExtrinsicValueEstimate.mean": {
            "value": 0.9709990620613098,
            "min": -0.01399988029152155,
            "max": 0.9791403412818909,
            "count": 21
        },
        "ChildBehavior.Policy.ExtrinsicValueEstimate.sum": {
            "value": 1954.62109375,
            "min": -2.337980031967163,
            "max": 2060.89794921875,
            "count": 21
        },
        "ChildBehavior.Losses.PolicyLoss.mean": {
            "value": 0.2362405307672033,
            "min": 0.23408059536015688,
            "max": 0.25866855850638076,
            "count": 21
        },
        "ChildBehavior.Losses.PolicyLoss.sum": {
            "value": 22.679090953651517,
            "min": 18.0707863441468,
            "max": 24.832181616612555,
            "count": 21
        },
        "ChildBehavior.Losses.ValueLoss.mean": {
            "value": 0.006910097263784269,
            "min": 0.00017515659216182184,
            "max": 0.042490113053711476,
            "count": 21
        },
        "ChildBehavior.Losses.ValueLoss.sum": {
            "value": 0.6633693373232898,
            "min": 0.016815032847534897,
            "max": 3.314228818189495,
            "count": 21
        },
        "ChildBehavior.Policy.LearningRate.mean": {
            "value": 0.00017700974724676457,
            "min": 0.00017700974724676457,
            "max": 0.00029696112568828307,
            "count": 21
        },
        "ChildBehavior.Policy.LearningRate.sum": {
            "value": 0.0169929357356894,
            "min": 0.0169929357356894,
            "max": 0.025365136644954798,
            "count": 21
        },
        "ChildBehavior.Policy.Epsilon.mean": {
            "value": 0.15900323541666667,
            "min": 0.15900323541666667,
            "max": 0.19898704155844155,
            "count": 21
        },
        "ChildBehavior.Policy.Epsilon.sum": {
            "value": 15.2643106,
            "min": 14.2973222,
            "max": 17.9550452,
            "count": 21
        },
        "ChildBehavior.Policy.Beta.mean": {
            "value": 0.0005000000000000001,
            "min": 0.0005000000000000001,
            "max": 0.0005000000000000002,
            "count": 21
        },
        "ChildBehavior.Policy.Beta.sum": {
            "value": 0.048000000000000015,
            "min": 0.038500000000000006,
            "max": 0.04850000000000002,
            "count": 21
        },
        "ChildBehavior.Environment.EpisodeLength.mean": {
            "value": 3.970675944333996,
            "min": 3.745489078822412,
            "max": 367.28205128205127,
            "count": 21
        },
        "ChildBehavior.Environment.EpisodeLength.sum": {
            "value": 7989.0,
            "min": 5633.0,
            "max": 14324.0,
            "count": 21
        },
        "ChildBehavior.Environment.CumulativeReward.mean": {
            "value": 0.9927410548830601,
            "min": -0.08659998517483473,
            "max": 0.9977458221663885,
            "count": 21
        },
        "ChildBehavior.Environment.CumulativeReward.sum": {
            "value": 1997.395002424717,
            "min": -2.164999629370868,
            "max": 2100.2450026273727,
            "count": 21
        },
        "ChildBehavior.Policy.ExtrinsicReward.mean": {
            "value": 0.9927410548830601,
            "min": -0.08659998517483473,
            "max": 0.9977458221663885,
            "count": 21
        },
        "ChildBehavior.Policy.ExtrinsicReward.sum": {
            "value": 1997.395002424717,
            "min": -2.164999629370868,
            "max": 2100.2450026273727,
            "count": 21
        },
        "ChildBehavior.IsTraining.mean": {
            "value": 1.0,
            "min": 1.0,
            "max": 1.0,
            "count": 21
        },
        "ChildBehavior.IsTraining.sum": {
            "value": 1.0,
            "min": 1.0,
            "max": 1.0,
            "count": 21
        }
    },
    "metadata": {
        "timer_format_version": "0.1.0",
        "start_time_seconds": "1671141888",
        "python_version": "3.7.8 (tags/v3.7.8:4b47a5b6ba, Jun 28 2020, 08:53:46) [MSC v.1916 64 bit (AMD64)]",
        "command_line_arguments": "D:\\GitHub\\Unity_AI\\venv\\Scripts\\mlagents-learn --force config/childbehavior_config.yaml --run-id=ChildBehavior",
        "mlagents_version": "0.29.0",
        "mlagents_envs_version": "0.29.0",
        "communication_protocol_version": "1.5.0",
        "pytorch_version": "1.7.1+cu110",
        "numpy_version": "1.21.2",
        "end_time_seconds": "1671145808"
    },
    "total": 3920.4475245999997,
    "count": 1,
    "self": 0.004706199999418459,
    "children": {
        "run_training.setup": {
            "total": 0.09230910000000003,
            "count": 1,
            "self": 0.09230910000000003
        },
        "TrainerController.start_learning": {
            "total": 3920.3505093000003,
            "count": 1,
            "self": 5.059181200057537,
            "children": {
                "TrainerController._reset_env": {
                    "total": 12.0667696,
                    "count": 1,
                    "self": 12.0667696
                },
                "TrainerController.advance": {
                    "total": 3903.1210179999425,
                    "count": 245062,
                    "self": 5.114913800069189,
                    "children": {
                        "env_step": {
                            "total": 3189.9263012999245,
                            "count": 245062,
                            "self": 2671.7180578999078,
                            "children": {
                                "SubprocessEnvManager._take_step": {
                                    "total": 515.1482321999802,
                                    "count": 245062,
                                    "self": 14.140626199906478,
                                    "children": {
                                        "TorchPolicy.evaluate": {
                                            "total": 501.0076060000737,
                                            "count": 218336,
                                            "self": 293.2968853000946,
                                            "children": {
                                                "TorchPolicy.sample_actions": {
                                                    "total": 207.7107206999791,
                                                    "count": 218336,
                                                    "self": 207.7107206999791
                                                }
                                            }
                                        }
                                    }
                                },
                                "workers": {
                                    "total": 3.0600112000362927,
                                    "count": 245061,
                                    "self": 0.0,
                                    "children": {
                                        "worker_root": {
                                            "total": 3860.872343899905,