{
    "name": "root",
    "gauges": {
        "ChildBehavior.Policy.Entropy.mean": {
            "value": 0.7400150895118713,
            "min": 0.7400150895118713,
            "max": 1.4135525226593018,
            "count": 47
        },
        "ChildBehavior.Policy.Entropy.sum": {
            "value": 7435.671875,
            "min": 7402.3271484375,
            "max": 14220.3388671875,
            "count": 47
        },
        "ChildBehavior.Step.mean": {
            "value": 469996.0,
            "min": 9996.0,
            "max": 469996.0,
            "count": 47
        },
        "ChildBehavior.Step.sum": {
            "value": 469996.0,
            "min": 9996.0,
            "max": 469996.0,
            "count": 47
        },
        "ChildBehavior.Policy.ExtrinsicValueEstimate.mean": {
            "value": -0.017327429726719856,
            "min": -0.36199715733528137,
            "max": -0.00538151478394866,
            "count": 47
        },
        "ChildBehavior.Policy.ExtrinsicValueEstimate.sum": {
            "value": -2.7204065322875977,
            "min": -59.00553512573242,
            "max": -0.8395163416862488,
            "count": 47
        },
        "ChildBehavior.Losses.PolicyLoss.mean": {
            "value": 0.2433216680106897,
            "min": 0.24025779790568924,
            "max": 0.2515964745859529,
            "count": 47
        },
        "ChildBehavior.Losses.PolicyLoss.sum": {
            "value": 19.222411772844485,
            "min": 18.74010823664376,
            "max": 19.624525017704325,
            "count": 47
        },
        "ChildBehavior.Losses.ValueLoss.mean": {
            "value": 0.000347124489918029,
            "min": 2.4265143180147747e-05,
            "max": 0.029143828031572776,
            "count": 47
        },
        "ChildBehavior.Losses.ValueLoss.sum": {
            "value": 0.027422834703524288,
            "min": 0.0018926811680515243,
            "max": 2.2732185864626766,
            "count": 47
        },
        "ChildBehavior.Policy.LearningRate.mean": {
            "value": 2.0997693000800004e-05,
            "min": 2.0997693000800004e-05,
            "max": 0.00029698625485073584,
            "count": 47
        },
        "ChildBehavior.Policy.LearningRate.sum": {
            "value": 0.0016588177470632003,
            "min": 0.0016588177470632003,
            "max": 0.023164927878357396,
            "count": 47
        },
        "ChildBehavior.Policy.Epsilon.mean": {
            "value": 0.10699920000000002,
            "min": 0.10699920000000002,
            "max": 0.19899541794871797,
            "count": 47
        },
        "ChildBehavior.Policy.Epsilon.sum": {
            "value": 8.452936800000002,
            "min": 8.452936800000002,
            "max": 15.521642600000002,
            "count": 47
        },
        "ChildBehavior.Policy.Beta.mean": {
            "value": 0.0005000000000000001,
            "min": 0.0005000000000000001,
            "max": 0.0005000000000000001,
            "count": 47
        },
        "ChildBehavior.Policy.Beta.sum": {
            "value": 0.03950000000000001,
            "min": 0.038500000000000006,
            "max": 0.03950000000000001,
            "count": 47
        },
        "ChildBehavior.Environment.EpisodeLength.mean": {
            "value": 2150.4,
            "min": 286.0857142857143,
            "max": 11778.0,
            "count": 35
        },
        "ChildBehavior.Environment.EpisodeLength.sum": {
            "value": 10752.0,
            "min": 1803.0,
            "max": 16583.0,
            "count": 35
        },
        "ChildBehavior.Environment.CumulativeReward.mean": {
            "value": -0.737999944575131,
            "min": -7.3899991329138475,
            "max": -0.737999944575131,
            "count": 35
        },
        "ChildBehavior.Environment.CumulativeReward.sum": {
            "value": -3.6899997228756547,
            "min": -52.53499631024897,
            "max": -1.9099999479949474,
            "count": 35
        },
        "ChildBehavior.Policy.ExtrinsicReward.mean": {
            "value": -0.737999944575131,
            "min": -7.3899991329138475,
            "max": -0.737999944575131,
            "count": 35
        },
        "ChildBehavior.Policy.ExtrinsicReward.sum": {
            "value": -3.6899997228756547,
            "min": -52.53499631024897,
            "max": -1.9099999479949474,
            "count": 35
        },
        "ChildBehavior.IsTraining.mean": {
            "value": 1.0,
            "min": 1.0,
            "max": 1.0,
            "count": 47
        },
        "ChildBehavior.IsTraining.sum": {
            "value": 1.0,
            "min": 1.0,
            "max": 1.0,
            "count": 47
        }
    },
    "metadata": {
        "timer_format_version": "0.1.0",
        "start_time_seconds": "1670966171",
        "python_version": "3.7.8 (tags/v3.7.8:4b47a5b6ba, Jun 28 2020, 08:53:46) [MSC v.1916 64 bit (AMD64)]",
        "command_line_arguments": "D:\\GitHub\\Unity_AI\\venv\\Scripts\\mlagents-learn --force config/childbehavior_config.yaml --run-id=ChildBehavior",
        "mlagents_version": "0.29.0",
        "mlagents_envs_version": "0.29.0",
        "communication_protocol_version": "1.5.0",
        "pytorch_version": "1.7.1+cu110",
        "numpy_version": "1.21.2",
        "end_time_seconds": "1670975671"
    },
    "total": 9499.935613,
    "count": 1,
    "self": 0.0057651999977679225,
    "children": {
        "run_training.setup": {
            "total": 0.08709499999999992,
            "count": 1,
            "self": 0.08709499999999992
        },
        "TrainerController.start_learning": {
            "total": 9499.842752800001,
            "count": 1,
            "self": 9.517540300264955,
            "children": {
                "TrainerController._reset_env": {
                    "total": 7.7143369,
                    "count": 1,
                    "self": 7.7143369
                },
                "TrainerController.advance": {
                    "total": 9482.543820999736,
                    "count": 479104,
                    "self": 10.041713799744684,
                    "children": {
                        "env_step": {
                            "total": 8105.723278399958,
                            "count": 479104,
                            "self": 6992.410977200727,
                            "children": {
                                "SubprocessEnvManager._take_step": {
                                    "total": 1107.4384332995994,
                                    "count": 479104,
                                    "self": 30.47611629973676,
                                    "children": {
                                        "TorchPolicy.evaluate": {
                                            "total": 1076.9623169998627,
                                            "count": 478887,
                                            "self": 622.8896191996599,
                                            "children": {
                                                "TorchPolicy.sample_actions": {
                                                    "total": 454.0726978002027,
                                                    "count": 478887,
                                                    "self": 454.0726978002027
                                                }
                                            }
                                        }
                                    }
                                },
                                "workers": {
                                    "total": 5.873867899631366,
                                    "count": 479103,
                                    "self": 0.0,
                                    "children": {
                                        "worker_root": {
                                            "total": 9443.975434299975,