{
    "name": "root",
    "gauges": {
        "ChildBehavior.Policy.Entropy.mean": {
            "value": 1.6660045385360718,
            "min": 1.4367398023605347,
            "max": 1.6660045385360718,
            "count": 27
        },
        "ChildBehavior.Policy.Entropy.sum": {
            "value": 16653.380859375,
            "min": 14416.2470703125,
            "max": 16653.380859375,
            "count": 27
        },
        "ChildBehavior.Step.mean": {
            "value": 269973.0,
            "min": 9999.0,
            "max": 269973.0,
            "count": 27
        },
        "ChildBehavior.Step.sum": {
            "value": 269973.0,
            "min": 9999.0,
            "max": 269973.0,
            "count": 27
        },
        "ChildBehavior.Policy.ExtrinsicValueEstimate.mean": {
            "value": -0.8262124061584473,
            "min": -1.2214521169662476,
            "max": -0.648392915725708,
            "count": 27
        },
        "ChildBehavior.Policy.ExtrinsicValueEstimate.sum": {
            "value": -238.775390625,
            "min": -378.650146484375,
            "max": -188.68234252929688,
            "count": 27
        },
        "ChildBehavior.Losses.PolicyLoss.mean": {
            "value": 0.3278448938965164,
            "min": 0.2995119682089065,
            "max": 0.3714321852958877,
            "count": 27
        },
        "ChildBehavior.Losses.PolicyLoss.sum": {
            "value": 29.506040450686474,
            "min": 26.956077138801586,
            "max": 33.42889667662989,
            "count": 27
        },
        "ChildBehavior.Losses.ValueLoss.mean": {
            "value": 0.07590157757967912,
            "min": 0.05449518566392206,
            "max": 14.346121331202013,
            "count": 27
        },
        "ChildBehavior.Losses.ValueLoss.sum": {
            "value": 6.831141982171121,
            "min": 4.904566709752985,
            "max": 1291.1509198081812,
            "count": 27
        },
        "ChildBehavior.Policy.LearningRate.mean": {
            "value": 0.00020062732062423752,
            "min": 0.00020062732062423752,
            "max": 0.000298106821464393,
            "count": 27
        },
        "ChildBehavior.Policy.LearningRate.sum": {
            "value": 0.018056458856181377,
            "min": 0.018056458856181377,
            "max": 0.027084949671683498,
            "count": 27
        },
        "ChildBehavior.Policy.Epsilon.mean": {
            "value": 0.16687576250000002,
            "min": 0.16687576250000002,
            "max": 0.19936894027777782,
            "count": 27
        },
        "ChildBehavior.Policy.Epsilon.sum": {
            "value": 15.018818625000002,
            "min": 15.018818625000002,
            "max": 18.228316500000002,
            "count": 27
        },
        "ChildBehavior.Policy.Beta.mean": {
            "value": 0.0005000000000000001,
            "min": 0.0005000000000000001,
            "max": 0.0005000000000000001,
            "count": 27
        },
        "ChildBehavior.Policy.Beta.sum": {
            "value": 0.04500000000000001,
            "min": 0.04500000000000001,
            "max": 0.04600000000000001,
            "count": 27
        },
        "ChildBehavior.Environment.EpisodeLength.mean": {
            "value": 33.588235294117645,
            "min": 31.270967741935483,
            "max": 34.193661971830984,
            "count": 27
        },
        "ChildBehavior.Environment.EpisodeLength.sum": {
            "value": 9707.0,
            "min": 9670.0,
            "max": 9745.0,
            "count": 27
        },
        "ChildBehavior.Environment.CumulativeReward.mean": {
            "value": -0.9707092343729673,
            "min": -0.9978977570550367,
            "max": -0.7854831091819271,
            "count": 27
        },
        "ChildBehavior.Environment.CumulativeReward.sum": {
            "value": -280.53496873378754,
            "min": -288.08650201559067,
            "max": -243.4997638463974,
            "count": 27
        },
        "ChildBehavior.Policy.ExtrinsicReward.mean": {
            "value": -0.9707092343729673,
            "min": -0.9978977570550367,
            "max": -0.7854831091819271,
            "count": 27
        },
        "ChildBehavior.Policy.ExtrinsicReward.sum": {
            "value": -280.53496873378754,
            "min": -288.08650201559067,
            "max": -243.4997638463974,
            "count": 27
        },
        "ChildBehavior.IsTraining.mean": {
            "value": 1.0,
            "min": 1.0,
            "max": 1.0,
            "count": 27
        },
        "ChildBehavior.IsTraining.sum": {
            "value": 1.0,
            "min": 1.0,
            "max": 1.0,
            "count": 27
        }
    },
    "metadata": {
        "timer_format_version": "0.1.0",
        "start_time_seconds": "1671977579",
        "python_version": "3.7.8 (tags/v3.7.8:4b47a5b6ba, Jun 28 2020, 08:53:46) [MSC v.1916 64 bit (AMD64)]",
        "command_line_arguments": "J:\\Escritorio_2\\CITM\\InteligenciaArtificial\\AI_Project\\venv\\Scripts\\mlagents-learn --force config/childbehavior_config.yaml --run-id=ChildBehavior",
        "mlagents_version": "0.29.0",
        "mlagents_envs_version": "0.29.0",
        "communication_protocol_version": "1.5.0",
        "pytorch_version": "1.7.1+cu110",
        "numpy_version": "1.21.2",
        "end_time_seconds": "1671983767"
    },
    "total": 6188.6898045,
    "count": 1,
    "self": 0.008887500000128057,
    "children": {
        "run_training.setup": {
            "total": 0.1702944999999998,
            "count": 1,
            "self": 0.1702944999999998
        },
        "TrainerController.start_learning": {
            "total": 6188.5106225,
            "count": 1,
            "self": 7.5728026001634134,
            "children": {
                "TrainerController._reset_env": {
                    "total": 17.5576424,
                    "count": 1,
                    "self": 17.5576424
                },
                "TrainerController.advance": {
                    "total": 6163.164862499837,
                    "count": 286092,
                    "self": 7.6151045994784,
                    "children": {
                        "env_step": {
                            "total": 4809.984876100146,
                            "count": 286092,
                            "self": 3961.896220600274,
                            "children": {
                                "SubprocessEnvManager._take_step": {
                                    "total": 843.2971987999316,
                                    "count": 286092,
                                    "self": 24.208577699939838,
                                    "children": {
                                        "TorchPolicy.evaluate": {
                                            "total": 819.0886210999918,
                                            "count": 278046,
                                            "self": 373.5276091997908,
                                            "children": {
                                                "TorchPolicy.sample_actions": {
                                                    "total": 445.561011900201,
                                                    "count": 278046,
                                                    "self": 445.561011900201
                                                }
                                            }
                                        }
                                    }
                                },
                                "workers": {
                                    "total": 4.791456699940291,
                                    "count": 286091,
                                    "self": 0.0,