{
    "name": "root",
    "metadata": {
        "timer_format_version": "0.1.0",
        "start_time_seconds": "1670885580",
        "python_version": "3.7.8 (tags/v3.7.8:4b47a5b6ba, Jun 28 2020, 08:53:46) [MSC v.1916 64 bit (AMD64)]",
        "command_line_arguments": "D:\\GitHub\\Unity_AI\\venv\\Scripts\\mlagents-learn --resum config/childbehavior_config.yaml --run-id=ChildBehavior",
        "mlagents_version": "0.29.0",
        "mlagents_envs_version": "0.29.0",
        "communication_protocol_version": "1.5.0",
        "pytorch_version": "1.7.1+cu110",
        "numpy_version": "1.21.2",
        "end_time_seconds": "1670885736"
    },
    "total": 155.702167,
    "count": 1,
    "self": 0.005366100000003371,
    "children": {
        "run_training.setup": {
            "total": 0.09252340000000014,
            "count": 1,
            "self": 0.09252340000000014
        },
        "TrainerController.start_learning": {
            "total": 155.6042775,
            "count": 1,
            "self": 0.048198599999921043,
            "children": {
                "TrainerController._reset_env": {
                    "total": 9.606775800000001,
                    "count": 1,
                    "self": 9.606775800000001
                },
                "TrainerController.advance": {
                    "total": 145.83622380000006,
                    "count": 2227,
                    "self": 0.05145189999990407,
                    "children": {
                        "env_step": {
                            "total": 139.74113620000006,
                            "count": 2227,
                            "self": 132.6598399,
                            "children": {
                                "SubprocessEnvManager._take_step": {
                                    "total": 7.053942499999948,
                                    "count": 2227,
                                    "self": 0.12852020000000053,
                                    "children": {
                                        "TorchPolicy.evaluate": {
                                            "total": 6.925422299999948,
                                            "count": 2079,
                                            "self": 2.8274085999999876,
                                            "children": {
                                                "TorchPolicy.sample_actions": {
                                                    "total": 4.09801369999996,
                                                    "count": 2079,
                                                    "self": 4.09801369999996
                                                }
                                            }
                                        }
                                    }
                                },
                                "workers": {
                                    "total": 0.027353800000097905,
                                    "count": 2226,
                                    "self": 0.0,
                                    "children": {
                                        "worker_root": {
                                            "total": 61.58624319999984,
                                            "count": 2226,
                                            "is_parallel": true,
                                            "self": 16.845196199999847,
                                            "children": {
                                                "steps_from_proto": {
                                                    "total": 0.0008247000000007887,
                                                    "count": 1,
                                                    "is_parallel": true,
                                                    "self": 0.000510699999999531,
                                                    "children": {
                                                        "_process_rank_one_or_two_observation": {
                                                            "total": 0.0003140000000012577,
                                                            "count": 2,
                                                            "is_parallel": true,
                                                            "self": 0.0003140000000012577
                                                        }
                                                    }
                                                },
                                                "UnityEnvironment.step": {
                                                    "total": 44.74022229999999,
                                                    "count": 2226,
                                                    "is_parallel": true,
                                                    "self": 0.19968880000010358,
                                                    "children": {
                                                        "UnityEnvironment._generate_step_input": {
                                                            "total": 0.1605722999999486,
                                                            "count": 2226,
                                                            "is_parallel": true,
                                                            "self": 0.1605722999999486
                                                        },
                                                        "communicator.exchange": {
                                                            "total": 43.7347779000001,
                                                            "count": 2226,
                                                            "is_parallel": true,
                                                            "self": 43.7347779000001
                                                        },
                                                        "steps_from_proto": {
                                                            "total": 0.645183299999843,
                                                            "count": 2222,
                                                            "is_parallel": true,
                                                            "self": 0.4039286999997138,
                                                            "children": {
                                                                "_process_rank_one_or_two_observation": {
                                                                    "total": 0.24125460000012922,
                                                                    "count": 4444,
                                                                    "is_parallel": true,
                                                                    "self": 0.24125460000012922
                                                                }
                                                            }
                                                        }
                                                    }
                                                }
                                            }
                                        }
                                    }
                                }
                            }
                        },
                        "trainer_advance": {
                            "total": 6.043635700000102,
                            "count": 2226,
                            "self": 0.058481500000107545,
                            "children": {
                                "process_trajectory": {
                                    "total": 0.4426986000000035,
                                    "count": 2226,
                                    "self": 0.4426986000000035
                                },