{
    "name": "root",
    "metadata": {
        "timer_format_version": "0.1.0",
        "start_time_seconds": "1671525608",
        "python_version": "3.6.6 (v3.6.6:4cf1f54eb7, Jun 27 2018, 03:37:03) [MSC v.1900 64 bit (AMD64)]",
        "command_line_arguments": "C:\\Python36\\scripts\\mlagents-learn --force config/childbehavior_config.yaml --run-id=ChildBehavior",
        "mlagents_version": "0.28.0",
        "mlagents_envs_version": "0.28.0",
        "communication_protocol_version": "1.5.0",
        "pytorch_version": "1.10.2+cpu",
        "numpy_version": "1.19.5",
        "end_time_seconds": "1671525885"
    },
    "total": 277.2128364,
    "count": 1,
    "self": 0.010131699999988086,
    "children": {
        "run_training.setup": {
            "total": 0.1951125,
            "count": 1,
            "self": 0.1951125
        },
        "TrainerController.start_learning": {
            "total": 277.00759220000003,
            "count": 1,
            "self": 0.29028240000116057,
            "children": {
                "TrainerController._reset_env": {
                    "total": 9.4975884,
                    "count": 1,
                    "self": 9.4975884
                },
                "TrainerController.advance": {
                    "total": 266.94356039999894,
                    "count": 8978,
                    "self": 0.3034551999993482,
                    "children": {
                        "env_step": {
                            "total": 241.02829409999865,
                            "count": 8978,
                            "self": 230.6491792999992,
                            "children": {
                                "SubprocessEnvManager._take_step": {
                                    "total": 10.191963399999185,
                                    "count": 8978,
                                    "self": 0.7290631999997181,
                                    "children": {
                                        "TorchPolicy.evaluate": {
                                            "total": 9.462900199999467,
                                            "count": 8966,
                                            "self": 1.9761754000003418,
                                            "children": {
                                                "TorchPolicy.sample_actions": {
                                                    "total": 7.486724799999125,
                                                    "count": 8966,
                                                    "self": 7.486724799999125
                                                }
                                            }
                                        }
                                    }
                                },
                                "workers": {
                                    "total": 0.18715140000026054,
                                    "count": 8977,
                                    "self": 0.0,
                                    "children": {
                                        "worker_root": {
                                            "total": 255.32738350000017,
                                            "count": 8977,
                                            "is_parallel": true,
                                            "self": 48.48376339999993,
                                            "children": {
                                                "steps_from_proto": {
                                                    "total": 0.0007559,
                                                    "count": 1,
                                                    "is_parallel": true,
                                                    "self": 0.0002581999999999999,
                                                    "children": {
                                                        "_process_rank_one_or_two_observation": {
                                                            "total": 0.0004977000000000001,
                                                            "count": 4,
                                                            "is_parallel": true,
                                                            "self": 0.0004977000000000001
                                                        }
                                                    }
                                                },
                                                "UnityEnvironment.step": {
                                                    "total": 206.84286420000024,
                                                    "count": 8977,
                                                    "is_parallel": true,
                                                    "self": 1.147201800000687,
                                                    "children": {
                                                        "UnityEnvironment._generate_step_input": {
                                                            "total": 0.7433579999986546,
                                                            "count": 8977,
                                                            "is_parallel": true,
                                                            "self": 0.7433579999986546
                                                        },
                                                        "communicator.exchange": {
                                                            "total": 200.85996720000094,
                                                            "count": 8977,
                                                            "is_parallel": true,
                                                            "self": 200.85996720000094
                                                        },
                                                        "steps_from_proto": {
                                                            "total": 4.092337199999948,
                                                            "count": 8977,
                                                            "is_parallel": true,
                                                            "self": 1.5830076999984302,
                                                            "children": {
                                                                "_process_rank_one_or_two_observation": {
                                                                    "total": 2.5093295000015177,
                                                                    "count": 35908,
                                                                    "is_parallel": true,
                                                                    "self": 2.5093295000015177
                                                                }
                                                            }
                                                        }
                                                    }
                                                }
                                            }
                                        }
                                    }
                                }
                            }
                        },
                        "trainer_advance": {
                            "total": 25.611811100000967,
                            "count": 8977,
                            "self": 0.3480613000014152,
                            "children": {
                                "process_trajectory": {
                                    "total": 1.4509891999994977,
                                    "count": 8977,
                                    "self": 1.4509891999994977
                                },
                                "_update_policy": {
                                    "total": 23.812760600000054,