{
    "name": "root",
    "gauges": {
        "ChildBehavior.Policy.Entropy.mean": {
            "value": 1.4004623889923096,
            "min": 1.4004623889923096,
            "max": 1.4398601055145264,
            "count": 3
        },
        "ChildBehavior.Policy.Entropy.sum": {
            "value": 14092.853515625,
            "min": 8650.6796875,
            "max": 14114.890625,
            "count": 3
        },
        "ChildBehavior.Step.mean": {
            "value": 29971.0,
            "min": 9981.0,
            "max": 29971.0,
            "count": 3
        },
        "ChildBehavior.Step.sum": {
            "value": 29971.0,
            "min": 9981.0,
            "max": 29971.0,
            "count": 3
        },
        "ChildBehavior.Policy.ExtrinsicValueEstimate.mean": {
            "value": -0.18162593245506287,
            "min": -0.38711026310920715,
            "max": -0.18162593245506287,
            "count": 3
        },
        "ChildBehavior.Policy.ExtrinsicValueEstimate.sum": {
            "value": -32.147789001464844,
            "min": -62.71186065673828,
            "max": -32.147789001464844,
            "count": 3
        },
        "ChildBehavior.Losses.PolicyLoss.mean": {
            "value": 0.24283497328181086,
            "min": 0.2410660631749976,
            "max": 0.24283497328181086,
            "count": 3
        },
        "ChildBehavior.Losses.PolicyLoss.sum": {
            "value": 19.183962889263057,
            "min": 11.08903890604989,
            "max": 19.183962889263057,
            "count": 3
        },
        "ChildBehavior.Losses.ValueLoss.mean": {
            "value": 0.03439272847696982,
            "min": 0.01612392480515381,
            "max": 0.03439272847696982,
            "count": 3
        },
        "ChildBehavior.Losses.ValueLoss.sum": {
            "value": 2.7170255496806157,
            "min": 1.2415422099968434,
            "max": 2.7170255496806157,
            "count": 3
        },
        "ChildBehavior.Policy.LearningRate.mean": {
            "value": 0.0002849847999417772,
            "min": 0.0002849847999417772,
            "max": 0.0002957514535900956,
            "count": 3
        },
        "ChildBehavior.Policy.LearningRate.sum": {
            "value": 0.022513799195400398,
            "min": 0.013604566865144399,
            "max": 0.022513799195400398,
            "count": 3
        },
        "ChildBehavior.Policy.Epsilon.mean": {
            "value": 0.1949949316455696,
            "min": 0.1949949316455696,
            "max": 0.19858381739130437,
            "count": 3
        },
        "ChildBehavior.Policy.Epsilon.sum": {
            "value": 15.4045996,
            "min": 9.134855600000002,
            "max": 15.4045996,
            "count": 3
        },
        "ChildBehavior.Policy.Beta.mean": {
            "value": 0.0005000000000000001,
            "min": 0.0005000000000000001,
            "max": 0.0005000000000000001,
            "count": 3
        },
        "ChildBehavior.Policy.Beta.sum": {
            "value": 0.03950000000000001,
            "min": 0.023000000000000003,
            "max": 0.03950000000000001,
            "count": 3
        },
        "ChildBehavior.Environment.EpisodeLength.mean": {
            "value": 288.43243243243245,
            "min": 245.0,
            "max": 565.2307692307693,
            "count": 3
        },
        "ChildBehavior.Environment.EpisodeLength.sum": {
            "value": 10672.0,
            "min": 4900.0,
            "max": 10672.0,
            "count": 3
        },
        "ChildBehavior.Environment.CumulativeReward.mean": {
            "value": -0.7562161124991001,
            "min": -3.0876920515528092,
            "max": -0.7562161124991001,
            "count": 3
        },
        "ChildBehavior.Environment.CumulativeReward.sum": {
            "value": -27.979996162466705,
            "min": -40.13999667018652,
            "max": -27.979996162466705,
            "count": 3
        },
        "ChildBehavior.Policy.ExtrinsicReward.mean": {
            "value": -0.7562161124991001,
            "min": -3.0876920515528092,
            "max": -0.7562161124991001,
            "count": 3
        },
        "ChildBehavior.Policy.ExtrinsicReward.sum": {
            "value": -27.979996162466705,
            "min": -40.13999667018652,
            "max": -27.979996162466705,
            "count": 3
        },
        "ChildBehavior.IsTraining.mean": {
            "value": 1.0,
            "min": 1.0,
            "max": 1.0,
            "count": 3
        },
        "ChildBehavior.IsTraining.sum": {
            "value": 1.0,
            "min": 1.0,
            "max": 1.0,
            "count": 3
        }
    },
    "metadata": {
        "timer_format_version": "0.1.0",
        "start_time_seconds": "1671139556",
        "python_version": "3.7.8 (tags/v3.7.8:4b47a5b6ba, Jun 28 2020, 08:53:46) [MSC v.1916 64 bit (AMD64)]",
        "command_line_arguments": "D:\\GitHub\\Unity_AI\\venv\\Scripts\\mlagents-learn --resume config/childbehavior_config.yaml --run-id=ChildBehavior",
        "mlagents_version": "0.29.0",
        "mlagents_envs_version": "0.29.0",
        "communication_protocol_version": "1.5.0",
        "pytorch_version": "1.7.1+cu110",
        "numpy_version": "1.21.2",
        "end_time_seconds": "1671140380"
    },
    "total": 824.0896015000001,
    "count": 1,
    "self": 0.005426200000101744,
    "children": {
        "run_training.setup": {
            "total": 0.3950320999999999,
            "count": 1,
            "self": 0.3950320999999999
        },
        "TrainerController.start_learning": {
            "total": 823.6891432,
            "count": 1,
            "self": 0.675516800000878,
            "children": {
                "TrainerController._reset_env": {
                    "total": 14.5758536,
                    "count": 1,
                    "self": 14.5758536
                },
                "TrainerController.advance": {
                    "total": 808.3141748999991,
                    "count": 28859,
                    "self": 0.6958224999904132,
                    "children": {
                        "env_step": {
                            "total": 720.4670975000004,
                            "count": 28859,
                            "self": 640.4540735999998,
                            "children": {
                                "SubprocessEnvManager._take_step": {
                                    "total": 79.59122929999779,
                                    "count": 28861,
                                    "self": 2.0578980000008613,
                                    "children": {
                                        "TorchPolicy.evaluate": {
                                            "total": 77.53333129999693,
                                            "count": 28794,
                                            "self": 45.73268699999301,
                                            "children": {
                                                "TorchPolicy.sample_actions": {
                                                    "total": 31.800644300003924,
                                                    "count": 28794,
                                                    "self": 31.800644300003924
                                                }
                                            }
                                        }
                                    }
                                },
                                "workers": {
                                    "total": 0.421794600002805,
                                    "count": 28858,
                                    "self": 0.0,
                                    "children": {
                                        "worker_root": {
                                            "total": 688.9516382000033,
                                            "count": 28858,