{"count":1,"self":1471.1001088,"total":2391.1103493,"children":{"InitializeActuators":{"count":1,"self":0.0020062,"total":0.0020062,"children":null},"InitializeSensors":{"count":1,"self":0.0029917999999999998,"total":0.0029917999999999998,"children":null},"AgentSendState":{"count":827817,"self":5.1692408,"total":9.492647,"children":{"CollectObservations":{"count":82782,"self":0.39475079999999996,"total":0.39475079999999996,"children":null},"WriteActionMask":{"count":82782,"self":0.1560704,"total":0.1560704,"children":null},"RequestDecision":{"count":82782,"self":0.7180767,"total":3.772585,"children":{"AgentInfo.ToProto":{"count":82782,"self":0.69867669999999993,"total":3.0545082999999997,"children":{"GenerateSensorData":{"count":82782,"self":1.9978695999999998,"total":2.3558315999999997,"children":{"RayPerceptionSensor.Perceive":{"count":82782,"self":0.357962,"total":0.357962,"children":null}}}}}}}}},"DecideAction":{"count":827817,"self":615.59424,"total":615.594255,"children":null},"AgentAct":{"count":827817,"self":294.82055679999996,"total":294.9173235,"children":{"AgentInfo.ToProto":{"count":3112,"self":0.021929999999999998,"total":0.096762199999999993,"children":{"GenerateSensorData":{"count":3112,"self":0.068849,"total":0.0748322,"children":{"RayPerceptionSensor.Perceive":{"count":3112,"self":0.0059832,"total":0.0059832,"children":null}}}}}}}},"gauges":{"ChildBehavior.CumulativeReward":{"count":3112,"max":2,"min":-39.4497,"runningAverage":-2.12863135,"value":-1.9000001,"weightedAverage":-1.87084186}},"metadata":{"timer_format_version":"0.1.0","start_time_seconds":"1670919537","unity_version":"2021.3.4f1","command_line_arguments":"C:\\Program Files\\Unity\\Hub\\Editor\\2021.3.4f1\\Editor\\Unity.exe -projectpath C:\\Users\\zhidac\\Documents\\GitHub\\Unity_AI -useHub -hubIPC -cloudEnvironment production","communication_protocol_version":"1.5.0","com.unity.ml-agents_version":"2.3.0-exp.4","scene_name":"Training2","end_time_seconds":"1670921928"}}