{"count":1,"self":105.97576319999999,"total":232.7117347,"children":{"InitializeActuators":{"count":1,"self":0.001996,"total":0.001996,"children":null},"InitializeSensors":{"count":1,"self":0.0010054,"total":0.0010054,"children":null},"AgentSendState":{"count":108534,"self":0.2574663,"total":0.75454579999999993,"children":{"CollectObservations":{"count":10854,"self":0.17872749999999998,"total":0.17872749999999998,"children":null},"WriteActionMask":{"count":10854,"self":0.010948099999999999,"total":0.010948099999999999,"children":null},"RequestDecision":{"count":10854,"self":0.0625175,"total":0.3074039,"children":{"AgentInfo.ToProto":{"count":10854,"self":0.0684032,"total":0.24488639999999998,"children":{"GenerateSensorData":{"count":10854,"self":0.17648319999999998,"total":0.17648319999999998,"children":null}}}}}}},"DecideAction":{"count":108534,"self":103.98686719999999,"total":103.98686819999999,"children":null},"AgentAct":{"count":108534,"self":21.9905552,"total":21.9915533,"children":{"AgentInfo.ToProto":{"count":96,"self":0.0009975,"total":0.0009975,"children":{"GenerateSensorData":{"count":96,"self":0,"total":0,"children":null}}}}}},"gauges":{"ChildBehavior.CumulativeReward":{"count":96,"max":1,"min":-11.25,"runningAverage":-2.65364552,"value":-2,"weightedAverage":-2.19373178}},"metadata":{"timer_format_version":"0.1.0","start_time_seconds":"1670885743","unity_version":"2021.3.4f1","command_line_arguments":"D:\\Programa\\Unity\\2021.3.4f1\\Editor\\Unity.exe -projectpath D:\\GitHub\\Unity_AI -useHub -hubIPC -cloudEnvironment production -licensingIpc LicenseClient-97208 -hubSessionId 01e9b920-7a45-11ed-8240-3b3dae872e88","communication_protocol_version":"1.5.0","com.unity.ml-agents_version":"2.2.1-exp.1","scene_name":"Training2","end_time_seconds":"1670885976"}}